"Region","Atoll","Island","Species","Density_birdsha","SeabirdEnergyRequirements_MJha","Ninput_kgha"
"Seychelles",NA,"Fregate","Gygis alba",24.580511475,654.010200795429,1.09804895271899
"Seychelles",NA,"Fregate","Anous stolidus",0,0,0
"Seychelles",NA,"Fregate","Anous tenuirostris",837.05866965,22025.6635280252,33.3351566570236
"Seychelles",NA,"Fregate","Phaethon lepturus",0,0,0
"Seychelles",NA,"Fregate","Puffinus bailloni",0,0,0
"Seychelles",NA,"Fregate","Ardenna pacifica",0,0,0
"Seychelles",NA,"Fregate","Onychoprion fuscatus",0,0,0
"Seychelles",NA,"Aride","Gygis alba",30.681818175,819.9652598392,1.370603632428
"Seychelles",NA,"Aride","Anous stolidus",57.95454546,2531.98715588705,3.57176603240185
"Seychelles",NA,"Aride","Anous tenuirostris",1622.727273,42826.8749205951,64.6237471976701
"Seychelles",NA,"Aride","Phaethon lepturus",20.45454546,1971.11946861497,3.37619376792185
"Seychelles",NA,"Aride","Puffinus bailloni",329.6774193,18246.047688152,3.61752524475021
"Seychelles",NA,"Aride","Ardenna pacifica",226.78821885,18854.3008246365,3.49043461699949
"Seychelles",NA,"Aride","Onychoprion fuscatus",102.206242425,3451.14857479723,6.09872136561214
"Seychelles",NA,"Cousine","Gygis alba",45.83333334,1222.88431238169,2.04744493314524
"Seychelles",NA,"Cousine","Anous stolidus",65.625,2863.25131485496,4.04449977160379
"Seychelles",NA,"Cousine","Anous tenuirostris",3145.833333,82932.7354997024,125.280163475625
"Seychelles",NA,"Cousine","Phaethon lepturus",51.04166667,4909.93160405503,8.42485389140484
"Seychelles",NA,"Cousine","Puffinus bailloni",0,0,0
"Seychelles",NA,"Cousine","Ardenna pacifica",331.245,27498.1323011633,5.09809998319494
"Seychelles",NA,"Cousine","Onychoprion fuscatus",0,0,0
"Chagos Archipelago","Great Chagos_bank","Eagle Island","Ardenna pacifica",0,0,0
"Chagos Archipelago","Great Chagos_bank","Eagle Island","Puffinus bailloni",0,0,0
"Chagos Archipelago","Great Chagos_bank","Eagle Island","Phaethon lepturus",0.00616016427104723,0.580118570790368,0.00101678662388054
"Chagos Archipelago","Great Chagos_bank","Eagle Island","Phaethon rubricauda",0,0,0
"Chagos Archipelago","Great Chagos_bank","Eagle Island","Sula dactylatra",0,0,0
"Chagos Archipelago","Great Chagos_bank","Eagle Island","Sula sula",0.0616016427104723,17.6962822551963,0.0208442051069858
"Chagos Archipelago","Great Chagos_bank","Eagle Island","Sula leucogaster",0,0,0
"Chagos Archipelago","Great Chagos_bank","Eagle Island","Fregata minor",0,0,0
"Chagos Archipelago","Great Chagos_bank","Eagle Island","Fregata ariel",0,0,0
"Chagos Archipelago","Great Chagos_bank","Eagle Island","Thalasseus bergii",0,0,0
"Chagos Archipelago","Great Chagos_bank","Eagle Island","Sterna dougallii",0,0,0
"Chagos Archipelago","Great Chagos_bank","Eagle Island","Sterna sumatrana",0,0,0
"Chagos Archipelago","Great Chagos_bank","Eagle Island","Sternula albifrons",0,0,0
"Chagos Archipelago","Great Chagos_bank","Eagle Island","Onychoprion anaethetus",0,0,0
"Chagos Archipelago","Great Chagos_bank","Eagle Island","Onychoprion fuscatus",0,0,0
"Chagos Archipelago","Great Chagos_bank","Eagle Island","Anous stolidus",0.246406570841889,10.5492222262645,0.0151861534398734
"Chagos Archipelago","Great Chagos_bank","Eagle Island","Anous tenuirostris",0.0616016427104723,1.59630632926782,0.00245323354806446
"Chagos Archipelago","Great Chagos_bank","Eagle Island","Gygis alba",0.123203285420945,3.2235312265553,0.00550367874426042
"Chagos Archipelago","Great Chagos_bank","Middle Brother","Ardenna pacifica",0,0,0
"Chagos Archipelago","Great Chagos_bank","Middle Brother","Puffinus bailloni",0,0,0
"Chagos Archipelago","Great Chagos_bank","Middle Brother","Phaethon lepturus",0,0,0
"Chagos Archipelago","Great Chagos_bank","Middle Brother","Phaethon rubricauda",0,0,0
"Chagos Archipelago","Great Chagos_bank","Middle Brother","Sula dactylatra",0,0,0
"Chagos Archipelago","Great Chagos_bank","Middle Brother","Sula sula",14.4375,4147.45555179754,4.88523029566788
"Chagos Archipelago","Great Chagos_bank","Middle Brother","Sula leucogaster",0,0,0
"Chagos Archipelago","Great Chagos_bank","Middle Brother","Fregata minor",1.875,359.548353851359,0.659247607927753
"Chagos Archipelago","Great Chagos_bank","Middle Brother","Fregata ariel",0,0,0
"Chagos Archipelago","Great Chagos_bank","Middle Brother","Thalasseus bergii",7.5,364.498127431128,0.657613519260614
"Chagos Archipelago","Great Chagos_bank","Middle Brother","Sterna dougallii",0,0,0
"Chagos Archipelago","Great Chagos_bank","Middle Brother","Sterna sumatrana",1.5,35.501728358294,0.0597362368953696
"Chagos Archipelago","Great Chagos_bank","Middle Brother","Sternula albifrons",0,0,0
"Chagos Archipelago","Great Chagos_bank","Middle Brother","Onychoprion anaethetus",0,0,0
"Chagos Archipelago","Great Chagos_bank","Middle Brother","Onychoprion fuscatus",6000,198544.146938323,358.024395824205
"Chagos Archipelago","Great Chagos_bank","Middle Brother","Anous stolidus",15,642.183903023851,0.924457090652294
"Chagos Archipelago","Great Chagos_bank","Middle Brother","Anous tenuirostris",4.6875,121.468934742723,0.18667574029803
"Chagos Archipelago","Great Chagos_bank","Middle Brother","Gygis alba",6.5625,171.703405489484,0.293156888112246
"Chagos Archipelago","Great Chagos_bank","South Brother","Ardenna pacifica",19.5652173913043,1629.20434905094,0.301122837941143
"Chagos Archipelago","Great Chagos_bank","South Brother","Puffinus bailloni",26.0869565217391,1013.22804956299,0.286250189583707
"Chagos Archipelago","Great Chagos_bank","South Brother","Phaethon lepturus",0,0,0
"Chagos Archipelago","Great Chagos_bank","South Brother","Phaethon rubricauda",0,0,0
"Chagos Archipelago","Great Chagos_bank","South Brother","Sula dactylatra",0,0,0
"Chagos Archipelago","Great Chagos_bank","South Brother","Sula sula",6.84782608695652,1967.17259373796,2.31710527857765
"Chagos Archipelago","Great Chagos_bank","South Brother","Sula leucogaster",0,0,0
"Chagos Archipelago","Great Chagos_bank","South Brother","Fregata minor",0,0,0
"Chagos Archipelago","Great Chagos_bank","South Brother","Fregata ariel",0,0,0
"Chagos Archipelago","Great Chagos_bank","South Brother","Thalasseus bergii",2.60869565217391,126.781957367349,0.228735137134127
"Chagos Archipelago","Great Chagos_bank","South Brother","Sterna dougallii",0,0,0
"Chagos Archipelago","Great Chagos_bank","South Brother","Sterna sumatrana",0,0,0
"Chagos Archipelago","Great Chagos_bank","South Brother","Sternula albifrons",0,0,0
"Chagos Archipelago","Great Chagos_bank","South Brother","Onychoprion anaethetus",0.130434782608696,3.48766066249401,0.00642097061963268
"Chagos Archipelago","Great Chagos_bank","South Brother","Onychoprion fuscatus",652.173913043478,21580.8855367742,38.9156951982831
"Chagos Archipelago","Great Chagos_bank","South Brother","Anous stolidus",3.58695652173913,153.565715940486,0.221065826025549
"Chagos Archipelago","Great Chagos_bank","South Brother","Anous tenuirostris",750,19435.0295588357,29.8681184476848
"Chagos Archipelago","Great Chagos_bank","South Brother","Gygis alba",1.95652173913043,51.191077413014,0.0874008113626573
"Chagos Archipelago","Great Chagos_bank","Nelson's Island","Ardenna pacifica",0.592592592592593,50.0067038872118,0.00912042834257948
"Chagos Archipelago","Great Chagos_bank","Nelson's Island","Puffinus bailloni",0.0925925925925926,3.6437061234292,0.00101601147537427
"Chagos Archipelago","Great Chagos_bank","Nelson's Island","Phaethon lepturus",0,0,0
"Chagos Archipelago","Great Chagos_bank","Nelson's Island","Phaethon rubricauda",0,0,0
"Chagos Archipelago","Great Chagos_bank","Nelson's Island","Sula dactylatra",0,0,0
"Chagos Archipelago","Great Chagos_bank","Nelson's Island","Sula sula",61.1111111111111,17739.4061726291,20.6782234737265
"Chagos Archipelago","Great Chagos_bank","Nelson's Island","Sula leucogaster",0.462962962962963,135.627864570111,0.171072
"Chagos Archipelago","Great Chagos_bank","Nelson's Island","Fregata minor",4.62962962962963,900.189476666338,1.62777187142655
"Chagos Archipelago","Great Chagos_bank","Nelson's Island","Fregata ariel",0.925925925925926,177.259546859446,0.246058611540411
"Chagos Archipelago","Great Chagos_bank","Nelson's Island","Thalasseus bergii",0,0,0
"Chagos Archipelago","Great Chagos_bank","Nelson's Island","Sterna dougallii",0,0,0
"Chagos Archipelago","Great Chagos_bank","Nelson's Island","Sterna sumatrana",0,0,0
"Chagos Archipelago","Great Chagos_bank","Nelson's Island","Sternula albifrons",0,0,0
"Chagos Archipelago","Great Chagos_bank","Nelson's Island","Onychoprion anaethetus",0.166666666666667,4.73238045203797,0.00820457356953064
"Chagos Archipelago","Great Chagos_bank","Nelson's Island","Onychoprion fuscatus",0,0,0
"Chagos Archipelago","Great Chagos_bank","Nelson's Island","Anous stolidus",12.037037037037,521.874479068557,0.741848282622211
"Chagos Archipelago","Great Chagos_bank","Nelson's Island","Anous tenuirostris",222.222222222222,5827.99778370894,8.84981287338809
"Chagos Archipelago","Great Chagos_bank","Nelson's Island","Gygis alba",0.462962962962963,12.2576753164566,0.0206812619479539
"Chagos Archipelago","Peros Banhos","Anglaise","Ardenna pacifica",0,0,0
"Chagos Archipelago","Peros Banhos","Anglaise","Puffinus bailloni",0,0,0
"Chagos Archipelago","Peros Banhos","Anglaise","Phaethon lepturus",0,0,0
"Chagos Archipelago","Peros Banhos","Anglaise","Phaethon rubricauda",0,0,0
"Chagos Archipelago","Peros Banhos","Anglaise","Sula dactylatra",0,0,0
"Chagos Archipelago","Peros Banhos","Anglaise","Sula sula",0,0,0
"Chagos Archipelago","Peros Banhos","Anglaise","Sula leucogaster",0,0,0
"Chagos Archipelago","Peros Banhos","Anglaise","Fregata minor",0,0,0
"Chagos Archipelago","Peros Banhos","Anglaise","Fregata ariel",0,0,0
"Chagos Archipelago","Peros Banhos","Anglaise","Thalasseus bergii",0,0,0
"Chagos Archipelago","Peros Banhos","Anglaise","Sterna dougallii",0,0,0
"Chagos Archipelago","Peros Banhos","Anglaise","Sterna sumatrana",0,0,0
"Chagos Archipelago","Peros Banhos","Anglaise","Sternula albifrons",0,0,0
"Chagos Archipelago","Peros Banhos","Anglaise","Onychoprion anaethetus",0,0,0
"Chagos Archipelago","Peros Banhos","Anglaise","Onychoprion fuscatus",0,0,0
"Chagos Archipelago","Peros Banhos","Anglaise","Anous stolidus",2.5,108.389314883469,0.154076181775382
"Chagos Archipelago","Peros Banhos","Anglaise","Anous tenuirostris",0,0,0
"Chagos Archipelago","Peros Banhos","Anglaise","Gygis alba",2.5,66.1914467088655,0.111678814518951
"Chagos Archipelago","Peros Banhos","Poule","Ardenna pacifica",0,0,0
"Chagos Archipelago","Peros Banhos","Poule","Puffinus bailloni",0,0,0
"Chagos Archipelago","Peros Banhos","Poule","Phaethon lepturus",0.0138888888888889,1.32491989441418,0.00229247724921215
"Chagos Archipelago","Peros Banhos","Poule","Phaethon rubricauda",0,0,0
"Chagos Archipelago","Peros Banhos","Poule","Sula dactylatra",0,0,0
"Chagos Archipelago","Peros Banhos","Poule","Sula sula",0,0,0
"Chagos Archipelago","Peros Banhos","Poule","Sula leucogaster",0,0,0
"Chagos Archipelago","Peros Banhos","Poule","Fregata minor",0,0,0
"Chagos Archipelago","Peros Banhos","Poule","Fregata ariel",0,0,0
"Chagos Archipelago","Peros Banhos","Poule","Thalasseus bergii",0,0,0
"Chagos Archipelago","Peros Banhos","Poule","Sterna dougallii",0.0416666666666667,0.823513292061463,0.00131429941057494
"Chagos Archipelago","Peros Banhos","Poule","Sterna sumatrana",0.0277777777777778,0.663907259690971,0.00110622660917351
"Chagos Archipelago","Peros Banhos","Poule","Sternula albifrons",0,0,0
"Chagos Archipelago","Peros Banhos","Poule","Onychoprion anaethetus",0,0,0
"Chagos Archipelago","Peros Banhos","Poule","Onychoprion fuscatus",0,0,0
"Chagos Archipelago","Peros Banhos","Poule","Anous stolidus",0.111111111111111,4.81730288370975,0.0068478303011281
"Chagos Archipelago","Peros Banhos","Poule","Anous tenuirostris",0,0,0
"Chagos Archipelago","Peros Banhos","Poule","Gygis alba",0.0277777777777778,0.735460518987394,0.00124087571687723
"Chagos Archipelago","Peros Banhos","Grande Mapou","Ardenna pacifica",0,0,0
"Chagos Archipelago","Peros Banhos","Grande Mapou","Puffinus bailloni",0,0,0
"Chagos Archipelago","Peros Banhos","Grande Mapou","Phaethon lepturus",0,0,0
"Chagos Archipelago","Peros Banhos","Grande Mapou","Phaethon rubricauda",0,0,0
"Chagos Archipelago","Peros Banhos","Grande Mapou","Sula dactylatra",0,0,0
"Chagos Archipelago","Peros Banhos","Grande Mapou","Sula sula",0.769230769230769,223.293224550576,0.260285330438515
"Chagos Archipelago","Peros Banhos","Grande Mapou","Sula leucogaster",0,0,0
"Chagos Archipelago","Peros Banhos","Grande Mapou","Fregata minor",0,0,0
"Chagos Archipelago","Peros Banhos","Grande Mapou","Fregata ariel",0,0,0
"Chagos Archipelago","Peros Banhos","Grande Mapou","Thalasseus bergii",0,0,0
"Chagos Archipelago","Peros Banhos","Grande Mapou","Sterna dougallii",0,0,0
"Chagos Archipelago","Peros Banhos","Grande Mapou","Sterna sumatrana",0,0,0
"Chagos Archipelago","Peros Banhos","Grande Mapou","Sternula albifrons",0,0,0
"Chagos Archipelago","Peros Banhos","Grande Mapou","Onychoprion anaethetus",0,0,0
"Chagos Archipelago","Peros Banhos","Grande Mapou","Onychoprion fuscatus",0,0,0
"Chagos Archipelago","Peros Banhos","Grande Mapou","Anous stolidus",0.769230769230769,33.3505584256829,0.0474080559308869
"Chagos Archipelago","Peros Banhos","Grande Mapou","Anous tenuirostris",1.15384615384615,30.2607577231041,0.0459509514579766
"Chagos Archipelago","Peros Banhos","Grande Mapou","Gygis alba",0.769230769230769,20.3665989873432,0.0343627121596772
"Chagos Archipelago","Peros Banhos","Longue","Ardenna pacifica",0,0,0
"Chagos Archipelago","Peros Banhos","Longue","Puffinus bailloni",0,0,0
"Chagos Archipelago","Peros Banhos","Longue","Phaethon lepturus",0,0,0
"Chagos Archipelago","Peros Banhos","Longue","Phaethon rubricauda",0,0,0
"Chagos Archipelago","Peros Banhos","Longue","Sula dactylatra",0,0,0
"Chagos Archipelago","Peros Banhos","Longue","Sula sula",28.8235294117647,8366.92847286569,9.75304444054906
"Chagos Archipelago","Peros Banhos","Longue","Sula leucogaster",0.176470588235294,51.6981507302542,0.0652086211764706
"Chagos Archipelago","Peros Banhos","Longue","Fregata minor",0,0,0
"Chagos Archipelago","Peros Banhos","Longue","Fregata ariel",0,0,0
"Chagos Archipelago","Peros Banhos","Longue","Thalasseus bergii",0,0,0
"Chagos Archipelago","Peros Banhos","Longue","Sterna dougallii",0,0,0
"Chagos Archipelago","Peros Banhos","Longue","Sterna sumatrana",0,0,0
"Chagos Archipelago","Peros Banhos","Longue","Sternula albifrons",0,0,0
"Chagos Archipelago","Peros Banhos","Longue","Onychoprion anaethetus",0,0,0
"Chagos Archipelago","Peros Banhos","Longue","Onychoprion fuscatus",2823.52941176471,94606.4549420048,168.482068623155
"Chagos Archipelago","Peros Banhos","Longue","Anous stolidus",8.23529411764706,357.047154910252,0.50754506937773
"Chagos Archipelago","Peros Banhos","Longue","Anous tenuirostris",64.7058823529412,1696.97582525643,2.57685727783947
"Chagos Archipelago","Peros Banhos","Longue","Gygis alba",1.47058823529412,38.936145122862,0.0656934203052653
"Chagos Archipelago","Peros Banhos","Yeye","Ardenna pacifica",0,0,0
"Chagos Archipelago","Peros Banhos","Yeye","Puffinus bailloni",0,0,0
"Chagos Archipelago","Peros Banhos","Yeye","Phaethon lepturus",0,0,0
"Chagos Archipelago","Peros Banhos","Yeye","Phaethon rubricauda",0,0,0
"Chagos Archipelago","Peros Banhos","Yeye","Sula dactylatra",0,0,0
"Chagos Archipelago","Peros Banhos","Yeye","Sula sula",0,0,0
"Chagos Archipelago","Peros Banhos","Yeye","Sula leucogaster",0,0,0
"Chagos Archipelago","Peros Banhos","Yeye","Fregata minor",0,0,0
"Chagos Archipelago","Peros Banhos","Yeye","Fregata ariel",0,0,0
"Chagos Archipelago","Peros Banhos","Yeye","Thalasseus bergii",0,0,0
"Chagos Archipelago","Peros Banhos","Yeye","Sterna dougallii",0,0,0
"Chagos Archipelago","Peros Banhos","Yeye","Sterna sumatrana",0.384615384615385,9.19256205725959,0.0153169838193255
"Chagos Archipelago","Peros Banhos","Yeye","Sternula albifrons",0,0,0
"Chagos Archipelago","Peros Banhos","Yeye","Onychoprion anaethetus",0,0,0
"Chagos Archipelago","Peros Banhos","Yeye","Onychoprion fuscatus",0,0,0
"Chagos Archipelago","Peros Banhos","Yeye","Anous stolidus",0.820512820512821,35.5739289873951,0.050568592992946
"Chagos Archipelago","Peros Banhos","Yeye","Anous tenuirostris",1.41025641025641,36.9853705504606,0.0561622740041937
"Chagos Archipelago","Peros Banhos","Yeye","Gygis alba",1.15384615384615,30.5498984810148,0.0515440682395158
"Chagos Archipelago","Peros Banhos","Grand Coquillage","Ardenna pacifica",0,0,0
"Chagos Archipelago","Peros Banhos","Grand Coquillage","Puffinus bailloni",0.714285714285714,28.1085900950253,0.00783780281003008
"Chagos Archipelago","Peros Banhos","Grand Coquillage","Phaethon lepturus",0,0,0
"Chagos Archipelago","Peros Banhos","Grand Coquillage","Phaethon rubricauda",0,0,0
"Chagos Archipelago","Peros Banhos","Grand Coquillage","Sula dactylatra",0,0,0
"Chagos Archipelago","Peros Banhos","Grand Coquillage","Sula sula",53.5714285714286,15550.7781383437,18.1270140841109
"Chagos Archipelago","Peros Banhos","Grand Coquillage","Sula leucogaster",0,0,0
"Chagos Archipelago","Peros Banhos","Grand Coquillage","Fregata minor",5.71428571428571,1111.09101119959,2.00913556701791
"Chagos Archipelago","Peros Banhos","Grand Coquillage","Fregata ariel",0.357142857142857,68.3715395029292,0.0949083215941584
"Chagos Archipelago","Peros Banhos","Grand Coquillage","Thalasseus bergii",1.64285714285714,80.9494358096813,0.144048675647563
"Chagos Archipelago","Peros Banhos","Grand Coquillage","Sterna dougallii",0,0,0
"Chagos Archipelago","Peros Banhos","Grand Coquillage","Sterna sumatrana",0,0,0
"Chagos Archipelago","Peros Banhos","Grand Coquillage","Sternula albifrons",0,0,0
"Chagos Archipelago","Peros Banhos","Grand Coquillage","Onychoprion anaethetus",0.142857142857143,4.05632610174683,0.00703249163102626
"Chagos Archipelago","Peros Banhos","Grand Coquillage","Onychoprion fuscatus",2714.28571428571,90946.0861496058,161.963417158569
"Chagos Archipelago","Peros Banhos","Grand Coquillage","Anous stolidus",8.92857142857143,387.104696012391,0.550272077769222
"Chagos Archipelago","Peros Banhos","Grand Coquillage","Anous tenuirostris",107.142857142857,2809.92750285967,4.26687406395497
"Chagos Archipelago","Peros Banhos","Grand Coquillage","Gygis alba",2.14285714285714,56.7355257504561,0.0957246981591008
"Chagos Archipelago","Salomon Islands","Anglaise","Ardenna pacifica",0,0,0
"Chagos Archipelago","Salomon Islands","Anglaise","Puffinus bailloni",0,0,0
"Chagos Archipelago","Salomon Islands","Anglaise","Phaethon lepturus",0,0,0
"Chagos Archipelago","Salomon Islands","Anglaise","Phaethon rubricauda",0,0,0
"Chagos Archipelago","Salomon Islands","Anglaise","Sula dactylatra",0,0,0
"Chagos Archipelago","Salomon Islands","Anglaise","Sula sula",0,0,0
"Chagos Archipelago","Salomon Islands","Anglaise","Sula leucogaster",0,0,0
"Chagos Archipelago","Salomon Islands","Anglaise","Fregata minor",0,0,0
"Chagos Archipelago","Salomon Islands","Anglaise","Fregata ariel",0,0,0
"Chagos Archipelago","Salomon Islands","Anglaise","Thalasseus bergii",0,0,0
"Chagos Archipelago","Salomon Islands","Anglaise","Sterna dougallii",0,0,0
"Chagos Archipelago","Salomon Islands","Anglaise","Sterna sumatrana",0.0198675496688742,0.474847576467714,0.00079120843570026
"Chagos Archipelago","Salomon Islands","Anglaise","Sternula albifrons",0,0,0
"Chagos Archipelago","Salomon Islands","Anglaise","Onychoprion anaethetus",0,0,0
"Chagos Archipelago","Salomon Islands","Anglaise","Onychoprion fuscatus",0,0,0
"Chagos Archipelago","Salomon Islands","Anglaise","Anous stolidus",0.397350993377483,17.2274407761806,0.0244889295537031
"Chagos Archipelago","Salomon Islands","Anglaise","Anous tenuirostris",0.198675496688742,5.21046159470667,0.0079120843570026
"Chagos Archipelago","Salomon Islands","Anglaise","Gygis alba",0.298013245033113,7.89037113085814,0.0133127063664975
"Chagos Archipelago","Salomon Islands","Passe","Ardenna pacifica",0,0,0
"Chagos Archipelago","Salomon Islands","Passe","Puffinus bailloni",0,0,0
"Chagos Archipelago","Salomon Islands","Passe","Phaethon lepturus",0.115384615384615,11.0070268151332,0.0190451956088394
"Chagos Archipelago","Salomon Islands","Passe","Phaethon rubricauda",0,0,0
"Chagos Archipelago","Salomon Islands","Passe","Sula dactylatra",0,0,0
"Chagos Archipelago","Salomon Islands","Passe","Sula sula",1.55769230769231,452.168779714916,0.527077794137993
"Chagos Archipelago","Salomon Islands","Passe","Sula leucogaster",0.230769230769231,67.6052740318708,0.0852728123076923
"Chagos Archipelago","Salomon Islands","Passe","Fregata minor",0,0,0
"Chagos Archipelago","Salomon Islands","Passe","Fregata ariel",0,0,0
"Chagos Archipelago","Salomon Islands","Passe","Thalasseus bergii",0,0,0
"Chagos Archipelago","Salomon Islands","Passe","Sterna dougallii",0,0,0
"Chagos Archipelago","Salomon Islands","Passe","Sterna sumatrana",0,0,0
"Chagos Archipelago","Salomon Islands","Passe","Sternula albifrons",0,0,0
"Chagos Archipelago","Salomon Islands","Passe","Onychoprion anaethetus",0,0,0
"Chagos Archipelago","Salomon Islands","Passe","Onychoprion fuscatus",0,0,0
"Chagos Archipelago","Salomon Islands","Passe","Anous stolidus",2.30769230769231,100.051675277049,0.142224167792661
"Chagos Archipelago","Salomon Islands","Passe","Anous tenuirostris",23.0769230769231,605.215154462082,0.919019029159533
"Chagos Archipelago","Salomon Islands","Passe","Gygis alba",1.44230769230769,38.1873731012685,0.0644300852993948
"Chagos Archipelago","Salomon Islands","Fouquet","Ardenna pacifica",0,0,0
"Chagos Archipelago","Salomon Islands","Fouquet","Puffinus bailloni",0,0,0
"Chagos Archipelago","Salomon Islands","Fouquet","Phaethon lepturus",0.0379746835443038,3.62256578725903,0.00626803906113701
"Chagos Archipelago","Salomon Islands","Fouquet","Phaethon rubricauda",0,0,0
"Chagos Archipelago","Salomon Islands","Fouquet","Sula dactylatra",0,0,0
"Chagos Archipelago","Salomon Islands","Fouquet","Sula sula",0.645569620253165,187.396718831686,0.21844199250726
"Chagos Archipelago","Salomon Islands","Fouquet","Sula leucogaster",0,0,0
"Chagos Archipelago","Salomon Islands","Fouquet","Fregata minor",0,0,0
"Chagos Archipelago","Salomon Islands","Fouquet","Fregata ariel",0,0,0
"Chagos Archipelago","Salomon Islands","Fouquet","Thalasseus bergii",0,0,0
"Chagos Archipelago","Salomon Islands","Fouquet","Sterna dougallii",0.113924050632911,2.25163127956046,0.00359352750233148
"Chagos Archipelago","Salomon Islands","Fouquet","Sterna sumatrana",2.0126582278481,48.1038627148243,0.0801524191254327
"Chagos Archipelago","Salomon Islands","Fouquet","Sternula albifrons",0,0,0
"Chagos Archipelago","Salomon Islands","Fouquet","Onychoprion anaethetus",0,0,0
"Chagos Archipelago","Salomon Islands","Fouquet","Onychoprion fuscatus",0,0,0
"Chagos Archipelago","Salomon Islands","Fouquet","Anous stolidus",0.949367088607595,41.1604993228365,0.0585099424463477
"Chagos Archipelago","Salomon Islands","Fouquet","Anous tenuirostris",0,0,0
"Chagos Archipelago","Salomon Islands","Fouquet","Gygis alba",0.379746835443038,10.0543969684353,0.0169638705598407
"Tetiaroa","Tetiaroa","Ahuroa","Fregata minor",0.333333333333333,66.5716057515616,0.117199574742712
"Tetiaroa","Tetiaroa","Ahuroa","Sula sula",126,31078.0119593778,42.6347371258287
"Tetiaroa","Tetiaroa","Aie","Anous stolidus",305.714285714286,11412.4826985737,18.8413159428182
"Tetiaroa","Tetiaroa","Aie","Sula sula",102.857142857143,25364.0320730728,34.8038670414929
"Tetiaroa","Tetiaroa","Hiraanae","Fregata ariel",0.0432276657060519,6.74525389288539,0.0114874625560653
"Tetiaroa","Tetiaroa","Hiraanae","Fregata minor",3.45821325648415,690.651723446979,1.21590336908865
"Tetiaroa","Tetiaroa","Hiraanae","Sula leucogaster",0.0432276657060519,10.9924160528388,0.0159732933717579
"Tetiaroa","Tetiaroa","Hiraanae","Sula sula",48.4582132564841,11952.136425874,16.3968506649012
"Tetiaroa","Tetiaroa","Honuea","Anous stolidus",0.0530035335689046,1.97863188813582,0.00326663282916005
"Tetiaroa","Tetiaroa","Horotera","Fregata minor",0.035377358490566,7.06511686815462,0.0124386341118444
"Tetiaroa","Tetiaroa","Horotera","Gygis alba",0.0707547169811321,1.64433697381413,0.00316072116563069
"Tetiaroa","Tetiaroa","Horotera","Sula leucogaster",0.371462264150943,94.4524443699011,0.137261071698113
"Tetiaroa","Tetiaroa","Horotera","Sula sula",12.877358490566,3176.02856798594,4.35732376285986
"Tetiaroa","Tetiaroa","Iti","Anous stolidus",1939.32203389831,72380.6478724417,119.521333686368
"Tetiaroa","Tetiaroa","Iti","Gygis alba",0,0,0
"Tetiaroa","Tetiaroa","Iti","Onychoprion fuscatus",55.4237288135593,1588.66878653228,3.30717450379986
"Tetiaroa","Tetiaroa","Iti","Onychoprion lunatus",7.6271186440678,153.207518842021,0.280058867190008
"Tetiaroa","Tetiaroa","Iti","Sula leucogaster",3.05084745762712,775.255297457564,1.12733548474576
"Tetiaroa","Tetiaroa","Iti","Sula sula",119.237288135593,29396.6893365925,40.3464320258549
"Tetiaroa","Tetiaroa","Iti","Thalasseus bergii",36.864406779661,1589.63440321643,3.2323376370437
"Tetiaroa","Tetiaroa","Onetahi","Anous stolidus",0.0231839258114374,0.865412373920448,0.001428836307036
"Tetiaroa","Tetiaroa","Reiono","Anous minutus",3.96860986547085,109.141692518043,0.177283858025599
"Tetiaroa","Tetiaroa","Reiono","Anous stolidus",0,0,0
"Tetiaroa","Tetiaroa","Reiono","Gygis alba",0.538116591928251,12.4978445300399,0.0240384892238101
"Tetiaroa","Tetiaroa","Reiono","Sula sula",25.695067264574,6333.68465901847,8.69446379567936
"Tetiaroa","Tetiaroa","Rimatuu","Anous stolidus",5.33417402269861,199.091910065523,0.328747666537133
"Tetiaroa","Tetiaroa","Rimatuu","Gygis alba",0.32156368221942,7.47015861834372,0.0143647403290454
"Tetiaroa","Tetiaroa","Tauini","Fregata ariel",1.01351351351351,158.151631521902,0.269334426145585
"Tetiaroa","Tetiaroa","Tauini","Sula sula",96.8918918918919,23898.6914303721,32.7853995272621
"Tetiaroa","Tetiaroa","Tiaraunu","Fregata minor",0.0363636363636364,7.26213859643278,0.0127854081537504
"Tetiaroa","Tetiaroa","Tiaraunu","Sula leucogaster",0.209090909090909,53.1669451069898,0.077262336
"Tetiaroa","Tetiaroa","Tiaraunu","Sula sula",2.92727272727273,721.981105389368,0.990503993832385
